timestamp,url,posts,followers,following
2025-09-01T07:00:57.699Z,https://www.instagram.com/telkomuniversity_purwokerto/,1911,23000,142
2025-09-01T07:22:16.269Z,https://www.instagram.com/telkomuniversity_purwokerto/,1911,23000,142
2025-09-01T07:33:40.564Z,https://www.instagram.com/telkomuniversity_purwokerto/,1911,23000,142
2025-09-01T07:33:49.706Z,https://www.instagram.com/telkomuniversity_purwokerto/,1911,23189,141
2025-09-01T07:48:35.947Z,https://www.instagram.com/telkomuniversity_purwokerto/,1911,23000,142
2025-09-01T07:48:45.055Z,https://www.instagram.com/telkomuniversity_purwokerto/,1911,23190,141
2025-09-01T07:48:55.029Z,https://www.instagram.com/telkomuniversity_purwokerto/,1911,23190,141
2025-09-01T08:06:59.478Z,https://www.instagram.com/telkomuniversity_purwokerto/,null,null,null
2025-09-01T08:13:35.396Z,https://www.instagram.com/telkomuniversity_purwokerto/,null,null,null
2025-09-01T08:46:42.346Z,https://www.instagram.com/telkomuniversity_purwokerto/,1912,23192,141
2025-09-01T09:27:19.959Z,https://www.instagram.com/telkomuniversity_purwokerto/,1912,23191,141
2025-09-01T09:44:22.284Z,https://www.instagram.com/dlas_serangofficial/,null,null,null
2025-09-01T10:06:54.060Z,https://www.instagram.com/dlas_serangofficial/,null,null,null
2025-09-01T12:35:18.691Z,https://www.instagram.com/dlas_serangofficial/,null,null,null
2025-09-02T01:07:19.724Z,https://www.instagram.com/dlas_serangofficial/,2058,38621,378
2025-09-02T12:29:28.809Z,https://www.instagram.com/dlas_serangofficial/,2061,38629,378
2025-09-03T01:03:45.361Z,https://www.instagram.com/dlas_serangofficial/,2061,38626,378
2025-09-03T12:28:30.959Z,https://www.instagram.com/dlas_serangofficial/,2062,38643,378
2025-09-04T01:08:46.545Z,https://www.instagram.com/dlas_serangofficial/,null,null,null
2025-09-04T12:34:06.361Z,https://www.instagram.com/dlas_serangofficial/,null,null,null
2025-09-05T01:10:29.545Z,https://www.instagram.com/dlas_serangofficial/,null,null,null
2025-09-05T12:33:28.135Z,https://www.instagram.com/dlas_serangofficial/,null,null,null
2025-09-06T01:03:28.347Z,https://www.instagram.com/dlas_serangofficial/,2068,39000,400
2025-09-06T12:24:19.773Z,https://www.instagram.com/dlas_serangofficial/,2072,38739,378
2025-09-07T01:09:50.635Z,https://www.instagram.com/dlas_serangofficial/,2072,38746,378
2025-09-07T12:25:06.405Z,https://www.instagram.com/dlas_serangofficial/,2076,38760,378
2025-09-08T01:08:41.851Z,https://www.instagram.com/dlas_serangofficial/,2076,38795,378
2025-09-08T12:30:37.074Z,https://www.instagram.com/dlas_serangofficial/,2078,38842,378
2025-09-09T01:11:28.729Z,https://www.instagram.com/dlas_serangofficial/,null,null,null
2025-09-09T12:36:00.562Z,https://www.instagram.com/dlas_serangofficial/,null,null,null
2025-09-10T01:04:16.574Z,https://www.instagram.com/dlas_serangofficial/,2080,38903,378
2025-09-10T12:28:19.993Z,https://www.instagram.com/dlas_serangofficial/,2082,38920,378
2025-09-11T01:11:17.908Z,https://www.instagram.com/dlas_serangofficial/,null,null,null
2025-09-11T12:33:09.547Z,https://www.instagram.com/dlas_serangofficial/,null,null,null
2025-09-12T01:03:18.737Z,https://www.instagram.com/dlas_serangofficial/,2083,38947,378
2025-09-12T12:33:01.084Z,https://www.instagram.com/dlas_serangofficial/,null,null,null
2025-09-13T01:06:00.320Z,https://www.instagram.com/dlas_serangofficial/,null,null,null
2025-09-13T12:30:23.346Z,https://www.instagram.com/dlas_serangofficial/,null,null,null
2025-09-14T01:15:00.326Z,https://www.instagram.com/dlas_serangofficial/,null,null,null
2025-09-14T12:30:07.637Z,https://www.instagram.com/dlas_serangofficial/,null,null,null
2025-09-15T01:15:17.765Z,https://www.instagram.com/dlas_serangofficial/,null,null,null
2025-09-15T12:29:27.170Z,https://www.instagram.com/dlas_serangofficial/,2095,39044,378
2025-09-16T01:09:43.876Z,https://www.instagram.com/dlas_serangofficial/,null,null,null
2025-09-16T12:34:52.977Z,https://www.instagram.com/dlas_serangofficial/,null,null,null
2025-09-17T01:09:30.604Z,https://www.instagram.com/dlas_serangofficial/,null,null,null
2025-09-17T12:34:47.335Z,https://www.instagram.com/dlas_serangofficial/,null,null,null
2025-09-18T01:09:14.072Z,https://www.instagram.com/dlas_serangofficial/,null,null,null
2025-09-18T12:34:07.983Z,https://www.instagram.com/dlas_serangofficial/,null,null,null
2025-09-19T01:06:10.305Z,https://www.instagram.com/dlas_serangofficial/,2098,39130,379
2025-09-19T12:29:46.954Z,https://www.instagram.com/dlas_serangofficial/,2096,39147,378
2025-09-20T01:03:00.584Z,https://www.instagram.com/dlas_serangofficial/,2097,39156,378
2025-09-20T12:31:20.591Z,https://www.instagram.com/dlas_serangofficial/,null,null,null
2025-09-21T01:11:28.063Z,https://www.instagram.com/dlas_serangofficial/,2098,39192,378
2025-09-21T12:31:31.156Z,https://www.instagram.com/dlas_serangofficial/,null,null,null
2025-09-22T01:10:29.271Z,https://www.instagram.com/dlas_serangofficial/,2100,39236,378
2025-09-22T12:35:12.365Z,https://www.instagram.com/dlas_serangofficial/,null,null,null
2025-09-23T01:09:34.365Z,https://www.instagram.com/dlas_serangofficial/,null,null,null
2025-09-23T12:34:08.065Z,https://www.instagram.com/dlas_serangofficial/,null,null,null
2025-09-24T01:05:14.953Z,https://www.instagram.com/dlas_serangofficial/,2104,39293,378
2025-09-24T12:34:47.036Z,https://www.instagram.com/dlas_serangofficial/,null,null,null
2025-09-25T01:11:04.157Z,https://www.instagram.com/dlas_serangofficial/,null,null,null
2025-09-25T12:35:29.050Z,https://www.instagram.com/dlas_serangofficial/,null,null,null
2025-09-26T01:10:59.860Z,https://www.instagram.com/dlas_serangofficial/,null,null,null
2025-09-26T12:29:11.831Z,https://www.instagram.com/dlas_serangofficial/,2108,39353,379
2025-09-27T01:02:27.047Z,https://www.instagram.com/dlas_serangofficial/,2108,39363,379
2025-09-27T12:30:24.409Z,https://www.instagram.com/dlas_serangofficial/,null,null,null
2025-09-28T01:17:18.140Z,https://www.instagram.com/dlas_serangofficial/,null,null,null
2025-09-28T12:31:10.162Z,https://www.instagram.com/dlas_serangofficial/,null,null,null
2025-09-29T01:12:25.800Z,https://www.instagram.com/dlas_serangofficial/,null,null,null
2025-09-29T12:30:45.627Z,https://www.instagram.com/dlas_serangofficial/,null,null,null
2025-09-30T01:11:55.058Z,https://www.instagram.com/dlas_serangofficial/,null,null,null
2025-09-30T12:35:31.653Z,https://www.instagram.com/dlas_serangofficial/,null,null,null
2025-10-01T01:19:05.100Z,https://www.instagram.com/dlas_serangofficial/,null,null,null
2025-10-01T12:36:39.761Z,https://www.instagram.com/dlas_serangofficial/,null,null,null
2025-10-02T01:14:10.797Z,https://www.instagram.com/dlas_serangofficial/,null,null,null
2025-10-02T12:28:11.989Z,https://www.instagram.com/dlas_serangofficial/,2129,39464,378
2025-10-03T01:09:23.924Z,https://www.instagram.com/dlas_serangofficial/,null,null,null
2025-10-03T12:33:51.825Z,https://www.instagram.com/dlas_serangofficial/,null,null,null
2025-10-04T01:01:21.038Z,https://www.instagram.com/dlas_serangofficial/,2130,39485,378
2025-10-04T12:25:14.395Z,https://www.instagram.com/dlas_serangofficial/,2137,39504,378
2025-10-05T01:11:14.189Z,https://www.instagram.com/dlas_serangofficial/,2138,39504,378
2025-10-05T12:25:34.560Z,https://www.instagram.com/dlas_serangofficial/,2140,39517,378
2025-10-06T01:05:43.064Z,https://www.instagram.com/dlas_serangofficial/,2140,39525,378
2025-10-06T12:29:48.067Z,https://www.instagram.com/dlas_serangofficial/,2142,39536,378
2025-10-07T01:10:22.513Z,https://www.instagram.com/dlas_serangofficial/,null,null,null
2025-10-07T12:29:52.126Z,https://www.instagram.com/dlas_serangofficial/,2145,39543,378
2025-10-08T01:10:03.628Z,https://www.instagram.com/dlas_serangofficial/,null,null,null
2025-10-08T12:30:07.710Z,https://www.instagram.com/dlas_serangofficial/,2147,39555,378
2025-10-09T01:11:12.251Z,https://www.instagram.com/dlas_serangofficial/,null,null,null
2025-10-09T12:35:00.471Z,https://www.instagram.com/dlas_serangofficial/,null,null,null
2025-10-10T01:05:46.228Z,https://www.instagram.com/dlas_serangofficial/,2145,39564,378
2025-10-10T12:35:11.327Z,https://www.instagram.com/dlas_serangofficial/,null,null,null
2025-10-11T01:08:03.519Z,https://www.instagram.com/dlas_serangofficial/,null,null,null
2025-10-11T12:30:54.595Z,https://www.instagram.com/dlas_serangofficial/,null,null,null
2025-10-12T01:08:55.703Z,https://www.instagram.com/dlas_serangofficial/,2150,39634,378
2025-10-12T12:31:11.944Z,https://www.instagram.com/dlas_serangofficial/,null,null,null
2025-10-13T01:15:54.400Z,https://www.instagram.com/dlas_serangofficial/,null,null,null
2025-10-13T12:35:33.251Z,https://www.instagram.com/dlas_serangofficial/,null,null,null
2025-10-14T01:05:36.883Z,https://www.instagram.com/dlas_serangofficial/,2155,39693,378
2025-10-14T12:31:09.362Z,https://www.instagram.com/dlas_serangofficial/,2157,39711,378
2025-10-15T01:12:23.481Z,https://www.instagram.com/dlas_serangofficial/,null,null,null
2025-10-15T12:36:38.470Z,https://www.instagram.com/dlas_serangofficial/,null,null,null
2025-10-16T01:06:48.189Z,https://www.instagram.com/dlas_serangofficial/,2162,39728,378
2025-10-16T12:31:17.900Z,https://www.instagram.com/dlas_serangofficial/,2162,39750,379
2025-10-17T01:11:53.425Z,https://www.instagram.com/dlas_serangofficial/,null,null,null
2025-10-17T12:29:24.986Z,https://www.instagram.com/dlas_serangofficial/,2163,39771,379
2025-10-18T01:08:57.738Z,https://www.instagram.com/dlas_serangofficial/,null,null,null
2025-10-18T12:31:55.919Z,https://www.instagram.com/dlas_serangofficial/,null,null,null
2025-10-19T01:19:57.053Z,https://www.instagram.com/dlas_serangofficial/,null,null,null
2025-10-19T12:31:51.757Z,https://www.instagram.com/dlas_serangofficial/,null,null,null
2025-10-20T01:12:16.421Z,https://www.instagram.com/dlas_serangofficial/,2171,39869,381
2025-10-20T12:36:43.296Z,https://www.instagram.com/dlas_serangofficial/,null,null,null
2025-10-21T01:14:37.651Z,https://www.instagram.com/dlas_serangofficial/,null,null,null
2025-10-21T12:36:37.418Z,https://www.instagram.com/dlas_serangofficial/,2176,39900,380
2025-10-22T01:15:31.232Z,https://www.instagram.com/dlas_serangofficial/,null,null,null
2025-10-22T12:36:49.963Z,https://www.instagram.com/dlas_serangofficial/,2180,39936,380
2025-10-23T01:13:15.189Z,https://www.instagram.com/dlas_serangofficial/,null,null,null
2025-10-23T12:36:29.853Z,https://www.instagram.com/dlas_serangofficial/,null,null,null
2025-10-24T01:04:15.651Z,https://www.instagram.com/dlas_serangofficial/,2180,40000,403
2025-10-24T12:31:28.227Z,https://www.instagram.com/dlas_serangofficial/,2181,39962,381
2025-10-25T01:11:12.232Z,https://www.instagram.com/dlas_serangofficial/,null,null,null
2025-10-25T12:31:47.325Z,https://www.instagram.com/dlas_serangofficial/,null,null,null
2025-10-26T01:12:41.005Z,https://www.instagram.com/dlas_serangofficial/,2184,39990,382
2025-10-26T12:26:47.850Z,https://www.instagram.com/dlas_serangofficial/,2186,40013,382
2025-10-27T01:14:03.528Z,https://www.instagram.com/dlas_serangofficial/,2185,40027,382
2025-10-27T12:30:52.070Z,https://www.instagram.com/dlas_serangofficial/,2187,40039,382
2025-10-28T01:11:56.413Z,https://www.instagram.com/dlas_serangofficial/,null,null,null
2025-10-28T12:29:48.328Z,https://www.instagram.com/dlas_serangofficial/,2189,40053,382
2025-10-29T01:12:13.458Z,https://www.instagram.com/dlas_serangofficial/,2190,40060,382
2025-10-29T12:31:48.565Z,https://www.instagram.com/dlas_serangofficial/,2193,40080,382
2025-10-30T01:16:57.473Z,https://www.instagram.com/dlas_serangofficial/,null,null,null
2025-10-30T12:35:50.944Z,https://www.instagram.com/dlas_serangofficial/,null,null,null
2025-10-31T01:14:29.387Z,https://www.instagram.com/dlas_serangofficial/,null,null,null
2025-10-31T12:36:07.285Z,https://www.instagram.com/dlas_serangofficial/,null,null,null
2025-11-01T01:18:15.895Z,https://www.instagram.com/dlas_serangofficial/,null,null,null
2025-11-01T12:36:07.799Z,https://www.instagram.com/dlas_serangofficial/,null,null,null
2025-11-02T01:13:58.294Z,https://www.instagram.com/dlas_serangofficial/,2201,40104,382
2025-11-02T12:31:33.113Z,https://www.instagram.com/dlas_serangofficial/,null,null,null
2025-11-03T01:12:41.293Z,https://www.instagram.com/dlas_serangofficial/,2203,40124,382
2025-11-03T12:37:16.666Z,https://www.instagram.com/dlas_serangofficial/,null,null,null
2025-11-04T01:15:09.063Z,https://www.instagram.com/dlas_serangofficial/,null,null,null
2025-11-04T12:38:20.385Z,https://www.instagram.com/dlas_serangofficial/,null,null,null
2025-11-05T01:16:25.800Z,https://www.instagram.com/dlas_serangofficial/,null,null,null
2025-11-05T12:36:16.725Z,https://www.instagram.com/dlas_serangofficial/,null,null,null
2025-11-06T01:15:58.542Z,https://www.instagram.com/dlas_serangofficial/,null,null,null
2025-11-06T12:35:59.147Z,https://www.instagram.com/dlas_serangofficial/,null,null,null
2025-11-07T01:15:11.367Z,https://www.instagram.com/dlas_serangofficial/,null,null,null
2025-11-07T12:29:57.558Z,https://www.instagram.com/dlas_serangofficial/,2212,40212,382
2025-11-08T01:11:54.477Z,https://www.instagram.com/dlas_serangofficial/,null,null,null
2025-11-08T12:26:54.530Z,https://www.instagram.com/dlas_serangofficial/,2214,40238,382
2025-11-09T01:18:44.081Z,https://www.instagram.com/dlas_serangofficial/,null,null,null
2025-11-09T12:26:47.806Z,https://www.instagram.com/dlas_serangofficial/,2216,40267,382
2025-11-10T01:18:37.113Z,https://www.instagram.com/dlas_serangofficial/,null,null,null
2025-11-10T12:36:49.964Z,https://www.instagram.com/dlas_serangofficial/,null,null,null
2025-11-11T01:11:11.220Z,https://www.instagram.com/dlas_serangofficial/,2225,40314,385
2025-11-11T12:30:41.950Z,https://www.instagram.com/dlas_serangofficial/,2226,40328,385
2025-11-12T01:16:06.057Z,https://www.instagram.com/dlas_serangofficial/,null,null,null
2025-11-12T12:36:44.763Z,https://www.instagram.com/dlas_serangofficial/,null,null,null
2025-11-13T01:16:49.990Z,https://www.instagram.com/dlas_serangofficial/,null,null,null
2025-11-13T12:31:51.290Z,https://www.instagram.com/dlas_serangofficial/,2229,40350,385
2025-11-14T01:15:52.113Z,https://www.instagram.com/dlas_serangofficial/,null,null,null
2025-11-14T12:30:32.513Z,https://www.instagram.com/dlas_serangofficial/,2229,40368,385
2025-11-15T01:08:54.896Z,https://www.instagram.com/dlas_serangofficial/,2229,40371,385
2025-11-15T12:27:02.642Z,https://www.instagram.com/dlas_serangofficial/,2231,40382,385
2025-11-16T01:15:26.299Z,https://www.instagram.com/dlas_serangofficial/,2231,40389,385
2025-11-16T12:27:17.406Z,https://www.instagram.com/dlas_serangofficial/,2233,40404,385
2025-11-17T01:11:47.485Z,https://www.instagram.com/dlas_serangofficial/,2235,40405,385
2025-11-17T12:36:44.736Z,https://www.instagram.com/dlas_serangofficial/,null,null,null
2025-11-18T01:10:26.230Z,https://www.instagram.com/dlas_serangofficial/,2236,40421,385
2025-11-18T12:37:17.490Z,https://www.instagram.com/dlas_serangofficial/,null,null,null
2025-11-19T01:10:32.886Z,https://www.instagram.com/dlas_serangofficial/,2237,40439,385
2025-11-19T12:31:39.490Z,https://www.instagram.com/dlas_serangofficial/,2238,40447,385
2025-11-20T01:08:57.466Z,https://www.instagram.com/dlas_serangofficial/,2237,40455,385
2025-11-20T12:30:50.918Z,https://www.instagram.com/dlas_serangofficial/,2239,40464,385
2025-11-21T01:09:35.396Z,https://www.instagram.com/dlas_serangofficial/,2242,40461,385
2025-11-21T12:29:40.845Z,https://www.instagram.com/dlas_serangofficial/,2246,40471,385
2025-11-22T01:07:30.990Z,https://www.instagram.com/dlas_serangofficial/,2245,40470,385
2025-11-22T12:26:18.435Z,https://www.instagram.com/dlas_serangofficial/,2247,40476,385
2025-11-23T01:19:43.691Z,https://www.instagram.com/dlas_serangofficial/,2248,40485,384
2025-11-23T12:26:07.834Z,https://www.instagram.com/dlas_serangofficial/,2250,40000,407
2025-11-24T01:14:57.964Z,https://www.instagram.com/dlas_serangofficial/,2250,40507,384
2025-11-24T12:31:27.661Z,https://www.instagram.com/dlas_serangofficial/,2252,40522,384
2025-11-25T01:15:57.221Z,https://www.instagram.com/dlas_serangofficial/,null,null,null
2025-11-25T12:32:15.272Z,https://www.instagram.com/dlas_serangofficial/,2256,40532,384
2025-11-26T01:10:45.689Z,https://www.instagram.com/dlas_serangofficial/,2257,40535,384
2025-11-26T12:37:50.583Z,https://www.instagram.com/dlas_serangofficial/,null,null,null
2025-11-27T01:09:50.227Z,https://www.instagram.com/dlas_serangofficial/,2258,40553,384
2025-11-27T12:32:29.218Z,https://www.instagram.com/dlas_serangofficial/,2261,40564,384
2025-11-28T01:08:31.851Z,https://www.instagram.com/dlas_serangofficial/,2261,40562,384
2025-11-28T12:30:40.572Z,https://www.instagram.com/dlas_serangofficial/,2262,40567,384
2025-11-29T01:09:17.156Z,https://www.instagram.com/dlas_serangofficial/,2262,40570,384
2025-11-29T12:33:53.705Z,https://www.instagram.com/dlas_serangofficial/,null,null,null
2025-11-30T01:24:48.736Z,https://www.instagram.com/dlas_serangofficial/,null,null,null
2025-11-30T12:33:21.488Z,https://www.instagram.com/dlas_serangofficial/,null,null,null
2025-12-01T01:24:04.363Z,https://www.instagram.com/dlas_serangofficial/,null,null,null
2025-12-01T12:38:26.185Z,https://www.instagram.com/dlas_serangofficial/,null,null,null
2025-12-02T01:12:18.182Z,https://www.instagram.com/dlas_serangofficial/,2268,40602,384
2025-12-02T12:42:55.064Z,https://www.instagram.com/dlas_serangofficial/,null,null,null
2025-12-03T01:18:04.231Z,https://www.instagram.com/dlas_serangofficial/,null,null,null
2025-12-03T12:38:13.656Z,https://www.instagram.com/dlas_serangofficial/,null,null,null
2025-12-04T01:17:46.681Z,https://www.instagram.com/dlas_serangofficial/,null,null,null
2025-12-04T12:39:22.823Z,https://www.instagram.com/dlas_serangofficial/,null,null,null
2025-12-05T01:13:02.432Z,https://www.instagram.com/dlas_serangofficial/,2274,40676,384
2025-12-05T12:37:23.108Z,https://www.instagram.com/dlas_serangofficial/,null,null,null
2025-12-06T01:09:04.171Z,https://www.instagram.com/dlas_serangofficial/,2274,40685,384
2025-12-06T12:28:27.273Z,https://www.instagram.com/dlas_serangofficial/,2275,40701,384
2025-12-07T01:29:02.376Z,https://www.instagram.com/dlas_serangofficial/,null,null,null
2025-12-07T12:28:03.721Z,https://www.instagram.com/dlas_serangofficial/,2277,41000,407
2025-12-08T01:12:57.545Z,https://www.instagram.com/dlas_serangofficial/,2276,40737,384
2025-12-08T12:42:26.603Z,https://www.instagram.com/dlas_serangofficial/,null,null,null
2025-12-09T01:12:25.860Z,https://www.instagram.com/dlas_serangofficial/,2280,40759,384
2025-12-09T12:33:19.653Z,https://www.instagram.com/dlas_serangofficial/,2282,40776,384
2025-12-10T01:14:09.285Z,https://www.instagram.com/dlas_serangofficial/,2282,40777,384
2025-12-10T12:43:20.855Z,https://www.instagram.com/dlas_serangofficial/,null,null,null
2025-12-11T01:20:24.230Z,https://www.instagram.com/dlas_serangofficial/,null,null,null
2025-12-11T12:40:05.753Z,https://www.instagram.com/dlas_serangofficial/,null,null,null
2025-12-12T01:14:39.526Z,https://www.instagram.com/dlas_serangofficial/,2287,40829,384
2025-12-12T12:33:07.899Z,https://www.instagram.com/dlas_serangofficial/,2289,40851,384
2025-12-13T01:15:47.791Z,https://www.instagram.com/dlas_serangofficial/,null,null,null
2025-12-13T12:34:18.765Z,https://www.instagram.com/dlas_serangofficial/,null,null,null
2025-12-14T01:19:52.405Z,https://www.instagram.com/dlas_serangofficial/,2290,40892,384
2025-12-14T12:29:16.791Z,https://www.instagram.com/dlas_serangofficial/,2292,40916,384
2025-12-15T01:22:22.982Z,https://www.instagram.com/dlas_serangofficial/,null,null,null
2025-12-15T12:41:17.378Z,https://www.instagram.com/dlas_serangofficial/,null,null,null
2025-12-16T01:21:08.688Z,https://www.instagram.com/dlas_serangofficial/,null,null,null
2025-12-16T12:34:34.345Z,https://www.instagram.com/dlas_serangofficial/,2300,40986,384
2025-12-17T01:15:47.889Z,https://www.instagram.com/dlas_serangofficial/,null,null,null
2025-12-17T12:39:33.679Z,https://www.instagram.com/dlas_serangofficial/,null,null,null
2025-12-18T01:16:49.811Z,https://www.instagram.com/dlas_serangofficial/,null,null,null
2025-12-18T12:38:32.063Z,https://www.instagram.com/dlas_serangofficial/,null,null,null
2025-12-19T01:20:16.216Z,https://www.instagram.com/dlas_serangofficial/,null,null,null
2025-12-19T12:37:24.685Z,https://www.instagram.com/dlas_serangofficial/,null,null,null
2025-12-20T01:16:13.465Z,https://www.instagram.com/dlas_serangofficial/,null,null,null
2025-12-20T12:34:12.902Z,https://www.instagram.com/dlas_serangofficial/,null,null,null
2025-12-21T01:29:07.970Z,https://www.instagram.com/dlas_serangofficial/,null,null,null
2025-12-21T12:29:42.127Z,https://www.instagram.com/dlas_serangofficial/,2312,41138,384
2025-12-22T01:18:16.324Z,https://www.instagram.com/dlas_serangofficial/,2309,41155,384
2025-12-22T12:38:14.339Z,https://www.instagram.com/dlas_serangofficial/,null,null,null
2025-12-23T01:20:02.448Z,https://www.instagram.com/dlas_serangofficial/,null,null,null
2025-12-23T12:42:58.336Z,https://www.instagram.com/dlas_serangofficial/,null,null,null
2025-12-24T01:14:05.587Z,https://www.instagram.com/dlas_serangofficial/,2312,41211,384
2025-12-24T12:38:04.366Z,https://www.instagram.com/dlas_serangofficial/,null,null,null
2025-12-25T01:20:03.549Z,https://www.instagram.com/dlas_serangofficial/,null,null,null
2025-12-25T12:41:22.468Z,https://www.instagram.com/dlas_serangofficial/,null,null,null
2025-12-26T01:14:55.957Z,https://www.instagram.com/dlas_serangofficial/,2314,41290,384
2025-12-26T12:31:42.381Z,https://www.instagram.com/dlas_serangofficial/,2315,41310,384
2025-12-27T01:18:36.465Z,https://www.instagram.com/dlas_serangofficial/,null,null,null
2025-12-27T12:34:57.838Z,https://www.instagram.com/dlas_serangofficial/,null,null,null
2025-12-28T01:32:58.822Z,https://www.instagram.com/dlas_serangofficial/,null,null,null
2025-12-28T12:35:57.166Z,https://www.instagram.com/dlas_serangofficial/,null,null,null
2025-12-29T01:26:24.115Z,https://www.instagram.com/dlas_serangofficial/,null,null,null
2025-12-29T12:35:11.070Z,https://www.instagram.com/dlas_serangofficial/,2323,41434,384
2025-12-30T01:20:33.784Z,https://www.instagram.com/dlas_serangofficial/,null,null,null
2025-12-30T12:38:52.545Z,https://www.instagram.com/dlas_serangofficial/,null,null,null
2025-12-31T01:21:45.398Z,https://www.instagram.com/dlas_serangofficial/,null,null,null
2025-12-31T12:37:38.231Z,https://www.instagram.com/dlas_serangofficial/,null,null,null
2026-01-01T01:23:07.777Z,https://www.instagram.com/dlas_serangofficial/,2326,41531,384
2026-01-01T12:37:53.074Z,https://www.instagram.com/dlas_serangofficial/,null,null,null
2026-01-02T01:22:23.086Z,https://www.instagram.com/dlas_serangofficial/,null,null,null
2026-01-02T12:31:54.985Z,https://www.instagram.com/dlas_serangofficial/,2328,41624,384
2026-01-03T01:17:24.453Z,https://www.instagram.com/dlas_serangofficial/,null,null,null
2026-01-03T12:39:43.077Z,https://www.instagram.com/dlas_serangofficial/,null,null,null
2026-01-04T01:24:25.345Z,https://www.instagram.com/dlas_serangofficial/,null,null,null
2026-01-04T12:35:45.989Z,https://www.instagram.com/dlas_serangofficial/,null,null,null
2026-01-05T01:32:22.747Z,https://www.instagram.com/dlas_serangofficial/,null,null,null
2026-01-05T12:41:21.310Z,https://www.instagram.com/dlas_serangofficial/,null,null,null
2026-01-06T01:16:22.542Z,https://www.instagram.com/dlas_serangofficial/,2330,41738,369
2026-01-06T12:34:21.871Z,https://www.instagram.com/dlas_serangofficial/,2333,41750,369
2026-01-07T01:22:24.577Z,https://www.instagram.com/dlas_serangofficial/,null,null,null
2026-01-07T12:44:38.109Z,https://www.instagram.com/dlas_serangofficial/,null,null,null
2026-01-08T01:27:13.551Z,https://www.instagram.com/dlas_serangofficial/,null,null,null
2026-01-08T12:40:50.312Z,https://www.instagram.com/dlas_serangofficial/,null,null,null
2026-01-09T01:27:15.174Z,https://www.instagram.com/dlas_serangofficial/,null,null,null
2026-01-09T12:34:29.470Z,https://www.instagram.com/dlas_serangofficial/,2336,41807,369
2026-01-10T01:20:06.519Z,https://www.instagram.com/dlas_serangofficial/,null,null,null
2026-01-10T12:30:09.550Z,https://www.instagram.com/dlas_serangofficial/,2339,41841,369
2026-01-11T01:29:09.508Z,https://www.instagram.com/dlas_serangofficial/,null,null,null
2026-01-11T12:31:15.120Z,https://www.instagram.com/dlas_serangofficial/,2339,41854,369
2026-01-12T01:25:57.009Z,https://www.instagram.com/dlas_serangofficial/,null,null,null
2026-01-12T12:41:55.459Z,https://www.instagram.com/dlas_serangofficial/,null,null,null
2026-01-13T01:19:11.371Z,https://www.instagram.com/dlas_serangofficial/,null,null,null
2026-01-13T12:36:42.030Z,https://www.instagram.com/dlas_serangofficial/,null,null,null
2026-01-14T01:25:19.486Z,https://www.instagram.com/dlas_serangofficial/,null,null,null
2026-01-14T12:35:29.077Z,https://www.instagram.com/dlas_serangofficial/,2341,41926,369
2026-01-15T01:20:50.415Z,https://www.instagram.com/dlas_serangofficial/,null,null,null
2026-01-15T12:40:27.958Z,https://www.instagram.com/dlas_serangofficial/,null,null,null
2026-01-16T01:23:11.340Z,https://www.instagram.com/dlas_serangofficial/,null,null,null
2026-01-16T12:39:08.925Z,https://www.instagram.com/dlas_serangofficial/,null,null,null
2026-01-17T01:19:40.129Z,https://www.instagram.com/dlas_serangofficial/,null,null,null
2026-01-17T12:30:11.511Z,https://www.instagram.com/dlas_serangofficial/,2344,41976,369
2026-01-18T01:23:16.387Z,https://www.instagram.com/dlas_serangofficial/,null,null,null
2026-01-18T12:30:21.951Z,https://www.instagram.com/dlas_serangofficial/,2345,42003,369
2026-01-19T01:26:49.731Z,https://www.instagram.com/dlas_serangofficial/,null,null,null
2026-01-19T12:38:20.576Z,https://www.instagram.com/dlas_serangofficial/,2346,42023,368
2026-01-20T01:16:39.573Z,https://www.instagram.com/dlas_serangofficial/,2346,42032,368
2026-01-20T12:43:48.156Z,https://www.instagram.com/dlas_serangofficial/,null,null,null
2026-01-21T01:24:42.326Z,https://www.instagram.com/dlas_serangofficial/,null,null,null
2026-01-21T12:43:29.768Z,https://www.instagram.com/dlas_serangofficial/,null,null,null
2026-01-22T01:24:56.932Z,https://www.instagram.com/dlas_serangofficial/,null,null,null
2026-01-22T12:42:41.563Z,https://www.instagram.com/dlas_serangofficial/,null,null,null
2026-01-23T01:17:24.295Z,https://www.instagram.com/dlas_serangofficial/,2349,42077,368
2026-01-23T12:45:50.812Z,https://www.instagram.com/dlas_serangofficial/,null,null,null
2026-01-24T01:15:23.924Z,https://www.instagram.com/dlas_serangofficial/,2350,42093,368
2026-01-24T12:40:39.588Z,https://www.instagram.com/dlas_serangofficial/,null,null,null
2026-01-25T01:34:27.044Z,https://www.instagram.com/dlas_serangofficial/,null,null,null
2026-01-25T12:42:00.687Z,https://www.instagram.com/dlas_serangofficial/,null,null,null
2026-01-26T01:23:43.814Z,https://www.instagram.com/dlas_serangofficial/,2354,42186,368
2026-01-26T12:46:17.699Z,https://www.instagram.com/dlas_serangofficial/,null,null,null
2026-01-27T01:32:23.259Z,https://www.instagram.com/dlas_serangofficial/,null,null,null
2026-01-27T12:37:30.145Z,https://www.instagram.com/dlas_serangofficial/,2351,42233,369
2026-01-28T01:28:16.226Z,https://www.instagram.com/dlas_serangofficial/,null,null,null
2026-01-28T12:38:04.629Z,https://www.instagram.com/dlas_serangofficial/,2353,42237,369
2026-01-29T01:38:02.494Z,https://www.instagram.com/dlas_serangofficial/,null,null,null
2026-01-29T12:53:26.726Z,https://www.instagram.com/dlas_serangofficial/,null,null,null
2026-01-30T01:37:32.696Z,https://www.instagram.com/dlas_serangofficial/,null,null,null
2026-01-30T12:41:23.189Z,https://www.instagram.com/dlas_serangofficial/,2356,42272,369
2026-01-31T01:35:04.117Z,https://www.instagram.com/dlas_serangofficial/,null,null,null
2026-01-31T12:35:49.640Z,https://www.instagram.com/dlas_serangofficial/,2358,42290,370
2026-02-01T02:02:07.095Z,https://www.instagram.com/dlas_serangofficial/,null,null,null
2026-02-01T12:37:19.620Z,https://www.instagram.com/dlas_serangofficial/,2362,42301,370
2026-02-02T01:55:08.530Z,https://www.instagram.com/dlas_serangofficial/,null,null,null
2026-02-02T12:55:02.776Z,https://www.instagram.com/dlas_serangofficial/,null,null,null
2026-02-03T01:45:06.146Z,https://www.instagram.com/dlas_serangofficial/,2366,42317,369
2026-02-03T12:56:06.944Z,https://www.instagram.com/dlas_serangofficial/,null,null,null
2026-02-04T01:37:57.694Z,https://www.instagram.com/dlas_serangofficial/,null,null,null
2026-02-04T12:45:45.931Z,https://www.instagram.com/dlas_serangofficial/,2371,42342,369
2026-02-05T01:38:17.968Z,https://www.instagram.com/dlas_serangofficial/,null,null,null
2026-02-05T13:00:18.548Z,https://www.instagram.com/dlas_serangofficial/,null,null,null
2026-02-06T01:38:57.866Z,https://www.instagram.com/dlas_serangofficial/,null,null,null
2026-02-06T12:55:38.853Z,https://www.instagram.com/dlas_serangofficial/,null,null,null
2026-02-07T01:37:12.969Z,https://www.instagram.com/dlas_serangofficial/,null,null,null
2026-02-07T12:46:08.732Z,https://www.instagram.com/dlas_serangofficial/,null,null,null
2026-02-08T02:13:58.726Z,https://www.instagram.com/dlas_serangofficial/,null,null,null
2026-02-08T12:46:38.938Z,https://www.instagram.com/dlas_serangofficial/,null,null,null
2026-02-09T01:57:09.514Z,https://www.instagram.com/dlas_serangofficial/,null,null,null
2026-02-09T13:06:37.365Z,https://www.instagram.com/dlas_serangofficial/,null,null,null
2026-02-10T02:08:07.059Z,https://www.instagram.com/dlas_serangofficial/,null,null,null
2026-02-10T13:00:55.578Z,https://www.instagram.com/dlas_serangofficial/,2386,42444,370
2026-02-11T01:54:12.323Z,https://www.instagram.com/dlas_serangofficial/,2386,42442,370
2026-02-11T12:57:35.569Z,https://www.instagram.com/dlas_serangofficial/,2388,42443,370
2026-02-12T01:56:46.869Z,https://www.instagram.com/dlas_serangofficial/,null,null,null
2026-02-12T13:05:13.239Z,https://www.instagram.com/dlas_serangofficial/,null,null,null
2026-02-13T01:59:21.191Z,https://www.instagram.com/dlas_serangofficial/,null,null,null
2026-02-13T12:54:20.477Z,https://www.instagram.com/dlas_serangofficial/,null,null,null
2026-02-14T01:38:37.400Z,https://www.instagram.com/dlas_serangofficial/,null,null,null
2026-02-14T12:45:18.926Z,https://www.instagram.com/dlas_serangofficial/,null,null,null
2026-02-15T01:58:49.837Z,https://www.instagram.com/dlas_serangofficial/,null,null,null
2026-02-15T12:47:41.758Z,https://www.instagram.com/dlas_serangofficial/,null,null,null
2026-02-16T01:54:59.522Z,https://www.instagram.com/dlas_serangofficial/,null,null,null
2026-02-16T13:01:52.661Z,https://www.instagram.com/dlas_serangofficial/,null,null,null
2026-02-17T01:53:33.578Z,https://www.instagram.com/dlas_serangofficial/,null,null,null
2026-02-17T12:52:43.572Z,https://www.instagram.com/dlas_serangofficial/,2399,42480,371
2026-02-18T01:56:34.656Z,https://www.instagram.com/dlas_serangofficial/,null,null,null
2026-02-18T13:02:42.860Z,https://www.instagram.com/dlas_serangofficial/,null,null,null
2026-02-19T01:46:50.355Z,https://www.instagram.com/dlas_serangofficial/,2401,42485,371
2026-02-19T13:03:04.366Z,https://www.instagram.com/dlas_serangofficial/,null,null,null
2026-02-20T01:39:34.548Z,https://www.instagram.com/dlas_serangofficial/,null,null,null
2026-02-20T12:54:22.795Z,https://www.instagram.com/dlas_serangofficial/,null,null,null
2026-02-21T01:37:27.961Z,https://www.instagram.com/dlas_serangofficial/,null,null,null
2026-02-21T12:45:24.628Z,https://www.instagram.com/dlas_serangofficial/,null,null,null
2026-02-22T01:54:16.515Z,https://www.instagram.com/dlas_serangofficial/,null,null,null
2026-02-22T12:47:05.573Z,https://www.instagram.com/dlas_serangofficial/,null,null,null
2026-02-23T01:45:52.886Z,https://www.instagram.com/dlas_serangofficial/,2414,42474,370
2026-02-23T13:02:26.154Z,https://www.instagram.com/dlas_serangofficial/,null,null,null
2026-02-24T01:52:57.166Z,https://www.instagram.com/dlas_serangofficial/,null,null,null
2026-02-24T13:03:46.353Z,https://www.instagram.com/dlas_serangofficial/,null,null,null
2026-02-25T01:45:35.863Z,https://www.instagram.com/dlas_serangofficial/,2416,42476,370
2026-02-25T13:02:42.652Z,https://www.instagram.com/dlas_serangofficial/,null,null,null
2026-02-26T01:51:33.972Z,https://www.instagram.com/dlas_serangofficial/,null,null,null
2026-02-26T12:54:05.001Z,https://www.instagram.com/dlas_serangofficial/,2418,42476,370
2026-02-27T01:37:56.143Z,https://www.instagram.com/dlas_serangofficial/,null,null,null
2026-02-27T12:44:43.516Z,https://www.instagram.com/dlas_serangofficial/,2422,42473,370
2026-02-28T01:32:16.345Z,https://www.instagram.com/dlas_serangofficial/,null,null,null
2026-02-28T12:43:45.390Z,https://www.instagram.com/dlas_serangofficial/,null,null,null
2026-03-01T02:00:34.234Z,https://www.instagram.com/dlas_serangofficial/,null,null,null
2026-03-01T12:46:37.105Z,https://www.instagram.com/dlas_serangofficial/,null,null,null
2026-03-02T01:43:17.544Z,https://www.instagram.com/dlas_serangofficial/,2422,42474,370
2026-03-02T12:53:10.008Z,https://www.instagram.com/dlas_serangofficial/,null,null,null
2026-03-03T01:45:57.642Z,https://www.instagram.com/dlas_serangofficial/,2423,42476,370
2026-03-03T12:42:12.894Z,https://www.instagram.com/dlas_serangofficial/,2425,42479,370
2026-03-04T01:28:48.020Z,https://www.instagram.com/dlas_serangofficial/,2425,42482,370
2026-03-04T12:52:06.921Z,https://www.instagram.com/dlas_serangofficial/,null,null,null
2026-03-05T01:42:45.935Z,https://www.instagram.com/dlas_serangofficial/,2427,42486,370
2026-03-05T12:46:15.843Z,https://www.instagram.com/dlas_serangofficial/,2429,42487,370
2026-03-06T01:54:05.896Z,https://www.instagram.com/dlas_serangofficial/,null,null,null
2026-03-06T12:41:48.301Z,https://www.instagram.com/dlas_serangofficial/,2433,42496,370
2026-03-07T01:35:27.944Z,https://www.instagram.com/dlas_serangofficial/,null,null,null
2026-03-07T12:35:47.779Z,https://www.instagram.com/dlas_serangofficial/,2439,42495,370
2026-03-08T01:43:22.717Z,https://www.instagram.com/dlas_serangofficial/,2439,42492,370
2026-03-08T12:46:19.378Z,https://www.instagram.com/dlas_serangofficial/,null,null,null
2026-03-09T01:44:50.165Z,https://www.instagram.com/dlas_serangofficial/,2442,42486,370
2026-03-09T12:51:28.966Z,https://www.instagram.com/dlas_serangofficial/,2443,42484,370
2026-03-10T01:36:21.268Z,https://www.instagram.com/dlas_serangofficial/,null,null,null
2026-03-10T12:47:13.859Z,https://www.instagram.com/dlas_serangofficial/,2446,42491,370
2026-03-11T01:26:57.917Z,https://www.instagram.com/dlas_serangofficial/,2446,42486,370
2026-03-11T12:45:24.504Z,https://www.instagram.com/dlas_serangofficial/,2448,42485,370
2026-03-12T01:26:33.588Z,https://www.instagram.com/dlas_serangofficial/,2448,42484,370
2026-03-12T12:55:27.955Z,https://www.instagram.com/dlas_serangofficial/,null,null,null
2026-03-13T01:51:22.615Z,https://www.instagram.com/dlas_serangofficial/,null,null,null
2026-03-13T12:53:40.555Z,https://www.instagram.com/dlas_serangofficial/,null,null,null
2026-03-14T01:38:01.308Z,https://www.instagram.com/dlas_serangofficial/,null,null,null
2026-03-14T12:47:42.453Z,https://www.instagram.com/dlas_serangofficial/,null,null,null
2026-03-15T01:54:32.714Z,https://www.instagram.com/dlas_serangofficial/,2454,42486,370
2026-03-15T12:49:42.744Z,https://www.instagram.com/dlas_serangofficial/,null,null,null
2026-03-16T01:56:06.104Z,https://www.instagram.com/dlas_serangofficial/,2455,42488,370
2026-03-16T12:58:53.850Z,https://www.instagram.com/dlas_serangofficial/,2458,42489,372
2026-03-17T01:53:50.089Z,https://www.instagram.com/dlas_serangofficial/,null,null,null
2026-03-17T13:09:02.739Z,https://www.instagram.com/dlas_serangofficial/,null,null,null
2026-03-18T01:59:04.953Z,https://www.instagram.com/dlas_serangofficial/,null,null,null
2026-03-18T13:08:11.676Z,https://www.instagram.com/dlas_serangofficial/,null,null,null
2026-03-19T01:58:43.758Z,https://www.instagram.com/dlas_serangofficial/,null,null,null
2026-03-19T13:02:13.430Z,https://www.instagram.com/dlas_serangofficial/,null,null,null
2026-03-20T01:53:24.201Z,https://www.instagram.com/dlas_serangofficial/,null,null,null
2026-03-20T12:45:51.322Z,https://www.instagram.com/dlas_serangofficial/,2470,42510,372
2026-03-21T01:36:20.792Z,https://www.instagram.com/dlas_serangofficial/,null,null,null
2026-03-21T12:46:08.636Z,https://www.instagram.com/dlas_serangofficial/,null,null,null
2026-03-22T01:58:01.914Z,https://www.instagram.com/dlas_serangofficial/,null,null,null
2026-03-22T12:48:19.077Z,https://www.instagram.com/dlas_serangofficial/,null,null,null
2026-03-23T01:59:21.236Z,https://www.instagram.com/dlas_serangofficial/,null,null,null
2026-03-23T12:55:18.303Z,https://www.instagram.com/dlas_serangofficial/,2479,42600,374
2026-03-24T01:51:33.311Z,https://www.instagram.com/dlas_serangofficial/,null,null,null
2026-03-24T13:09:08.521Z,https://www.instagram.com/dlas_serangofficial/,null,null,null
2026-03-25T01:57:11.712Z,https://www.instagram.com/dlas_serangofficial/,null,null,null
2026-03-25T12:57:26.732Z,https://www.instagram.com/dlas_serangofficial/,2486,42695,375
2026-03-26T02:03:12.615Z,https://www.instagram.com/dlas_serangofficial/,null,null,null
2026-03-26T13:01:39.622Z,https://www.instagram.com/dlas_serangofficial/,2492,42742,375
2026-03-27T02:03:16.870Z,https://www.instagram.com/dlas_serangofficial/,null,null,null
2026-03-27T12:54:06.573Z,https://www.instagram.com/dlas_serangofficial/,2494,42764,375
2026-03-28T01:45:48.243Z,https://www.instagram.com/dlas_serangofficial/,2495,42772,375
2026-03-28T12:41:29.956Z,https://www.instagram.com/dlas_serangofficial/,2495,42793,375
2026-03-29T02:06:14.102Z,https://www.instagram.com/dlas_serangofficial/,null,null,null
2026-03-29T12:51:27.755Z,https://www.instagram.com/dlas_serangofficial/,null,null,null
2026-03-30T02:08:44.874Z,https://www.instagram.com/dlas_serangofficial/,null,null,null
2026-03-30T13:06:37.043Z,https://www.instagram.com/dlas_serangofficial/,2502,42863,375
2026-03-31T02:04:10.470Z,https://www.instagram.com/dlas_serangofficial/,null,null,null
2026-03-31T13:04:47.066Z,https://www.instagram.com/dlas_serangofficial/,2505,42870,375
2026-04-01T02:13:00.514Z,https://www.instagram.com/dlas_serangofficial/,null,null,null
2026-04-01T13:08:09.846Z,https://www.instagram.com/dlas_serangofficial/,2509,42882,375
2026-04-02T01:51:30.634Z,https://www.instagram.com/dlas_serangofficial/,2510,42890,375
2026-04-02T13:10:02.395Z,https://www.instagram.com/dlas_serangofficial/,null,null,null
2026-04-03T02:02:20.669Z,https://www.instagram.com/dlas_serangofficial/,null,null,null
2026-04-03T13:01:58.892Z,https://www.instagram.com/dlas_serangofficial/,null,null,null
2026-04-04T01:46:21.345Z,https://www.instagram.com/dlas_serangofficial/,2518,42918,376
2026-04-04T12:51:23.846Z,https://www.instagram.com/dlas_serangofficial/,null,null,null
2026-04-05T02:08:05.782Z,https://www.instagram.com/dlas_serangofficial/,null,null,null
2026-04-05T12:53:39.923Z,https://www.instagram.com/dlas_serangofficial/,null,null,null
2026-04-06T02:09:08.120Z,https://www.instagram.com/dlas_serangofficial/,null,null,null
2026-04-06T13:08:07.138Z,https://www.instagram.com/dlas_serangofficial/,null,null,null
2026-04-07T02:05:26.058Z,https://www.instagram.com/dlas_serangofficial/,null,null,null
2026-04-07T13:07:53.222Z,https://www.instagram.com/dlas_serangofficial/,2534,43000,377
2026-04-08T02:06:12.855Z,https://www.instagram.com/dlas_serangofficial/,null,null,null
2026-04-08T13:09:49.920Z,https://www.instagram.com/dlas_serangofficial/,2535,43022,377
2026-04-09T01:48:34.654Z,https://www.instagram.com/dlas_serangofficial/,2535,43033,377
2026-04-09T13:23:17.916Z,https://www.instagram.com/dlas_serangofficial/,null,null,null
2026-04-10T02:11:04.885Z,https://www.instagram.com/dlas_serangofficial/,null,null,null
2026-04-10T13:07:38.078Z,https://www.instagram.com/dlas_serangofficial/,null,null,null
2026-04-11T01:50:29.268Z,https://www.instagram.com/dlas_serangofficial/,2537,43073,376
2026-04-11T12:52:59.877Z,https://www.instagram.com/dlas_serangofficial/,null,null,null
2026-04-12T02:03:10.907Z,https://www.instagram.com/dlas_serangofficial/,2541,43123,376
2026-04-12T13:00:52.922Z,https://www.instagram.com/dlas_serangofficial/,null,null,null
2026-04-13T02:07:25.726Z,https://www.instagram.com/dlas_serangofficial/,2543,43150,377
2026-04-13T13:23:44.361Z,https://www.instagram.com/dlas_serangofficial/,null,null,null
2026-04-14T02:12:06.019Z,https://www.instagram.com/dlas_serangofficial/,null,null,null
2026-04-14T13:24:32.663Z,https://www.instagram.com/dlas_serangofficial/,null,null,null
2026-04-15T02:08:45.975Z,https://www.instagram.com/dlas_serangofficial/,null,null,null
2026-04-15T13:22:55.340Z,https://www.instagram.com/dlas_serangofficial/,null,null,null
2026-04-16T02:16:27.776Z,https://www.instagram.com/dlas_serangofficial/,null,null,null
2026-04-16T13:19:12.242Z,https://www.instagram.com/dlas_serangofficial/,2549,43195,377
2026-04-17T02:03:11.314Z,https://www.instagram.com/dlas_serangofficial/,2549,43196,377
2026-04-17T13:15:58.105Z,https://www.instagram.com/dlas_serangofficial/,null,null,null
2026-04-18T02:03:31.024Z,https://www.instagram.com/dlas_serangofficial/,null,null,null
2026-04-18T13:01:11.582Z,https://www.instagram.com/dlas_serangofficial/,null,null,null
2026-04-19T02:16:54.753Z,https://www.instagram.com/dlas_serangofficial/,null,null,null
2026-04-19T13:00:37.028Z,https://www.instagram.com/dlas_serangofficial/,null,null,null
2026-04-20T02:17:27.384Z,https://www.instagram.com/dlas_serangofficial/,null,null,null
2026-04-20T13:18:55.276Z,https://www.instagram.com/dlas_serangofficial/,2559,43288,377
2026-04-21T02:13:27.101Z,https://www.instagram.com/dlas_serangofficial/,null,null,null
2026-04-21T13:22:26.886Z,https://www.instagram.com/dlas_serangofficial/,null,null,null
2026-04-22T02:11:52.308Z,https://www.instagram.com/dlas_serangofficial/,null,null,null
2026-04-22T13:24:44.770Z,https://www.instagram.com/dlas_serangofficial/,null,null,null
2026-04-23T02:15:47.296Z,https://www.instagram.com/dlas_serangofficial/,null,null,null
2026-04-23T13:24:24.152Z,https://www.instagram.com/dlas_serangofficial/,null,null,null
2026-04-24T02:16:14.539Z,https://www.instagram.com/dlas_serangofficial/,null,null,null
2026-04-24T13:10:40.570Z,https://www.instagram.com/dlas_serangofficial/,2573,43348,377
2026-04-25T02:05:59.141Z,https://www.instagram.com/dlas_serangofficial/,null,null,null
2026-04-25T13:02:29.541Z,https://www.instagram.com/dlas_serangofficial/,null,null,null
2026-04-26T02:10:19.433Z,https://www.instagram.com/dlas_serangofficial/,2576,43362,377
2026-04-26T13:04:26.125Z,https://www.instagram.com/dlas_serangofficial/,null,null,null
2026-04-27T02:12:39.610Z,https://www.instagram.com/dlas_serangofficial/,2578,43381,377
2026-04-27T13:36:41.517Z,https://www.instagram.com/dlas_serangofficial/,null,null,null
2026-04-28T02:28:03.642Z,https://www.instagram.com/dlas_serangofficial/,2583,43392,379
2026-04-29T02:37:58.262Z,https://www.instagram.com/dlas_serangofficial/,null,null,null
2026-04-29T13:44:29.244Z,https://www.instagram.com/dlas_serangofficial/,2586,43408,379
2026-04-30T02:38:46.150Z,https://www.instagram.com/dlas_serangofficial/,null,null,null
2026-04-30T13:38:39.799Z,https://www.instagram.com/dlas_serangofficial/,null,null,null
2026-05-01T02:44:08.580Z,https://www.instagram.com/dlas_serangofficial/,null,null,null
2026-05-01T13:17:38.132Z,https://www.instagram.com/dlas_serangofficial/,null,null,null
2026-05-02T02:20:07.785Z,https://www.instagram.com/dlas_serangofficial/,null,null,null
2026-05-02T13:07:32.000Z,https://www.instagram.com/dlas_serangofficial/,null,null,null
2026-05-03T02:26:26.919Z,https://www.instagram.com/dlas_serangofficial/,2596,43469,378
2026-05-03T12:57:39.726Z,https://www.instagram.com/dlas_serangofficial/,2597,43476,379
2026-05-04T02:25:17.180Z,https://www.instagram.com/dlas_serangofficial/,2599,43483,379
2026-05-04T13:55:38.765Z,https://www.instagram.com/dlas_serangofficial/,null,null,null
2026-05-05T02:23:13.936Z,https://www.instagram.com/dlas_serangofficial/,null,null,null
2026-05-05T13:35:17.543Z,https://www.instagram.com/dlas_serangofficial/,null,null,null
2026-05-06T02:33:31.896Z,https://www.instagram.com/dlas_serangofficial/,null,null,null
2026-05-06T13:54:00.152Z,https://www.instagram.com/dlas_serangofficial/,2604,43513,380
2026-05-07T02:25:56.390Z,https://www.instagram.com/dlas_serangofficial/,2604,43378,379
2026-05-07T14:02:10.294Z,https://www.instagram.com/dlas_serangofficial/,null,null,null
2026-05-08T02:33:26.326Z,https://www.instagram.com/dlas_serangofficial/,2605,43335,378
2026-05-08T13:29:12.291Z,https://www.instagram.com/dlas_serangofficial/,null,null,null
2026-05-09T02:35:56.183Z,https://www.instagram.com/dlas_serangofficial/,null,null,null
2026-05-09T13:13:43.357Z,https://www.instagram.com/dlas_serangofficial/,null,null,null
2026-05-10T02:39:05.932Z,https://www.instagram.com/dlas_serangofficial/,null,null,null
2026-05-10T13:15:17.500Z,https://www.instagram.com/dlas_serangofficial/,null,null,null
2026-05-11T02:38:34.741Z,https://www.instagram.com/dlas_serangofficial/,2613,43377,378
2026-05-11T14:46:01.988Z,https://www.instagram.com/dlas_serangofficial/,null,null,null
2026-05-12T02:31:39.713Z,https://www.instagram.com/dlas_serangofficial/,2616,43385,378
2026-05-12T14:07:37.720Z,https://www.instagram.com/dlas_serangofficial/,2619,43392,378
2026-05-13T02:38:00.620Z,https://www.instagram.com/dlas_serangofficial/,2620,43000,404
2026-05-13T14:17:19.535Z,https://www.instagram.com/dlas_serangofficial/,2623,43000,404
2026-05-14T02:38:33.787Z,https://www.instagram.com/dlas_serangofficial/,2623,43421,378
2026-05-14T13:55:39.938Z,https://www.instagram.com/dlas_serangofficial/,2627,43445,378
2026-05-15T02:38:58.912Z,https://www.instagram.com/dlas_serangofficial/,2627,43000,404
2026-05-15T13:53:17.864Z,https://www.instagram.com/dlas_serangofficial/,2631,43467,378
2026-05-16T02:28:45.972Z,https://www.instagram.com/dlas_serangofficial/,2632,43474,378
2026-05-16T13:09:47.595Z,https://www.instagram.com/dlas_serangofficial/,2635,43492,378
2026-05-17T02:36:24.571Z,https://www.instagram.com/dlas_serangofficial/,2635,43490,378
2026-05-17T13:06:55.768Z,https://www.instagram.com/dlas_serangofficial/,2639,43000,404
2026-05-18T02:46:36.897Z,https://www.instagram.com/dlas_serangofficial/,2641,43499,378
2026-05-18T15:16:33.409Z,https://www.instagram.com/dlas_serangofficial/,2642,43000,404
2026-05-19T02:43:48.233Z,https://www.instagram.com/dlas_serangofficial/,2642,44000,404
2026-05-19T14:47:42.622Z,https://www.instagram.com/dlas_serangofficial/,2645,43542,379
2026-05-20T02:44:19.824Z,https://www.instagram.com/dlas_serangofficial/,2645,44000,404
2026-05-20T14:48:15.821Z,https://www.instagram.com/dlas_serangofficial/,2647,43553,379
2026-05-21T02:46:58.572Z,https://www.instagram.com/dlas_serangofficial/,2647,44000,404
2026-05-21T14:52:18.382Z,https://www.instagram.com/dlas_serangofficial/,2649,43559,379
2026-05-22T02:47:41.840Z,https://www.instagram.com/dlas_serangofficial/,2649,43564,378
2026-05-22T14:26:39.979Z,https://www.instagram.com/dlas_serangofficial/,2656,43580,379
2026-05-23T02:42:37.381Z,https://www.instagram.com/dlas_serangofficial/,null,null,null
2026-05-23T13:22:23.003Z,https://www.instagram.com/dlas_serangofficial/,null,null,null
2026-05-24T02:44:05.744Z,https://www.instagram.com/dlas_serangofficial/,2658,43595,380
2026-05-24T13:22:54.576Z,https://www.instagram.com/dlas_serangofficial/,null,null,null
2026-05-25T03:02:29.876Z,https://www.instagram.com/dlas_serangofficial/,null,null,null
2026-05-25T14:53:28.370Z,https://www.instagram.com/dlas_serangofficial/,null,null,null
2026-05-26T02:50:25.067Z,https://www.instagram.com/dlas_serangofficial/,null,null,null
2026-05-26T14:55:01.480Z,https://www.instagram.com/dlas_serangofficial/,2667,43625,381
2026-05-27T03:01:04.277Z,https://www.instagram.com/dlas_serangofficial/,null,null,null
2026-05-27T15:24:53.547Z,https://www.instagram.com/dlas_serangofficial/,2671,43639,381
2026-05-28T02:39:06.333Z,https://www.instagram.com/dlas_serangofficial/,2673,43642,381
2026-05-28T15:37:10.263Z,https://www.instagram.com/dlas_serangofficial/,2672,43655,381
2026-05-29T02:42:21.816Z,https://www.instagram.com/dlas_serangofficial/,2673,43651,382
2026-05-29T14:50:29.126Z,https://www.instagram.com/dlas_serangofficial/,2676,43658,382
2026-05-30T02:46:08.825Z,https://www.instagram.com/dlas_serangofficial/,null,null,null
2026-05-30T13:25:41.131Z,https://www.instagram.com/dlas_serangofficial/,null,null,null
2026-05-31T03:02:47.315Z,https://www.instagram.com/dlas_serangofficial/,null,null,null
2026-05-31T13:34:25.799Z,https://www.instagram.com/dlas_serangofficial/,null,null,null
2026-06-01T03:29:09.878Z,https://www.instagram.com/dlas_serangofficial/,2685,43694,381
2026-06-01T17:26:12.336Z,https://www.instagram.com/dlas_serangofficial/,2688,43701,381
2026-06-02T03:08:49.617Z,https://www.instagram.com/dlas_serangofficial/,null,null,null
2026-06-02T16:10:59.523Z,https://www.instagram.com/dlas_serangofficial/,2690,43710,382
2026-06-03T03:34:29.743Z,https://www.instagram.com/dlas_serangofficial/,2689,43714,382
2026-06-03T16:26:37.704Z,https://www.instagram.com/dlas_serangofficial/,2692,43718,382
2026-06-04T03:29:23.153Z,https://www.instagram.com/dlas_serangofficial/,2692,43725,382
2026-06-04T14:45:29.816Z,https://www.instagram.com/dlas_serangofficial/,2694,44000,407
2026-06-05T03:01:06.050Z,https://www.instagram.com/dlas_serangofficial/,null,null,null
2026-06-05T14:36:19.227Z,https://www.instagram.com/dlas_serangofficial/,2698,43761,383
2026-06-06T02:38:31.228Z,https://www.instagram.com/dlas_serangofficial/,2698,43773,383
2026-06-06T13:29:32.162Z,https://www.instagram.com/dlas_serangofficial/,null,null,null
2026-06-07T03:06:31.949Z,https://www.instagram.com/dlas_serangofficial/,null,null,null
2026-06-07T13:39:02.195Z,https://www.instagram.com/dlas_serangofficial/,null,null,null
2026-06-08T03:35:31.300Z,https://www.instagram.com/dlas_serangofficial/,null,null,null
2026-06-08T15:47:37.428Z,https://www.instagram.com/dlas_serangofficial/,null,null,null
2026-06-09T02:47:04.632Z,https://www.instagram.com/dlas_serangofficial/,null,null,null
2026-06-09T14:36:54.160Z,https://www.instagram.com/dlas_serangofficial/,2712,43826,383
2026-06-10T03:00:51.364Z,https://www.instagram.com/dlas_serangofficial/,null,null,null
2026-06-10T15:20:55.311Z,https://www.instagram.com/dlas_serangofficial/,2715,43849,386
2026-06-11T03:32:56.719Z,https://www.instagram.com/dlas_serangofficial/,null,null,null
2026-06-11T15:54:14.450Z,https://www.instagram.com/dlas_serangofficial/,null,null,null
2026-06-12T02:58:15.456Z,https://www.instagram.com/dlas_serangofficial/,2718,43872,387
2026-06-12T14:55:12.192Z,https://www.instagram.com/dlas_serangofficial/,null,null,null
2026-06-13T03:00:13.809Z,https://www.instagram.com/dlas_serangofficial/,null,null,null
2026-06-13T13:57:14.212Z,https://www.instagram.com/dlas_serangofficial/,null,null,null
2026-06-14T03:36:37.795Z,https://www.instagram.com/dlas_serangofficial/,null,null,null
2026-06-14T13:49:59.879Z,https://www.instagram.com/dlas_serangofficial/,2726,43950,387
2026-06-15T03:46:02.143Z,https://www.instagram.com/dlas_serangofficial/,null,null,null
2026-06-15T17:16:09.598Z,https://www.instagram.com/dlas_serangofficial/,null,null,null
2026-06-16T03:42:36.322Z,https://www.instagram.com/dlas_serangofficial/,null,null,null
2026-06-16T16:40:36.423Z,https://www.instagram.com/dlas_serangofficial/,2734,43998,387
2026-06-17T03:40:18.632Z,https://www.instagram.com/dlas_serangofficial/,null,null,null
2026-06-17T15:22:28.336Z,https://www.instagram.com/dlas_serangofficial/,null,null,null
2026-06-18T02:58:29.134Z,https://www.instagram.com/dlas_serangofficial/,2736,44022,388
2026-06-18T15:04:57.160Z,https://www.instagram.com/dlas_serangofficial/,null,null,null
2026-06-19T03:54:28.159Z,https://www.instagram.com/dlas_serangofficial/,null,null,null
2026-06-19T14:51:53.871Z,https://www.instagram.com/dlas_serangofficial/,2742,44052,388
2026-06-20T02:49:10.802Z,https://www.instagram.com/dlas_serangofficial/,2741,44058,388
2026-06-20T13:58:52.708Z,https://www.instagram.com/dlas_serangofficial/,null,null,null
2026-06-21T03:42:05.910Z,https://www.instagram.com/dlas_serangofficial/,null,null,null
2026-06-21T13:56:58.046Z,https://www.instagram.com/dlas_serangofficial/,2746,44105,389
2026-06-22T03:37:16.706Z,https://www.instagram.com/dlas_serangofficial/,2745,44116,389
2026-06-22T16:44:37.919Z,https://www.instagram.com/dlas_serangofficial/,2748,44151,389
2026-06-23T02:52:29.939Z,https://www.instagram.com/dlas_serangofficial/,null,null,null
2026-06-23T14:36:36.759Z,https://www.instagram.com/dlas_serangofficial/,2749,44196,389
2026-06-24T02:43:37.353Z,https://www.instagram.com/dlas_serangofficial/,2749,44199,389
2026-06-24T14:15:05.082Z,https://www.instagram.com/dlas_serangofficial/,2752,44220,389
2026-06-25T02:44:14.551Z,https://www.instagram.com/dlas_serangofficial/,2753,44226,389
2026-06-25T14:13:43.467Z,https://www.instagram.com/dlas_serangofficial/,2760,44249,389
2026-06-26T02:48:20.635Z,https://www.instagram.com/dlas_serangofficial/,2760,44266,389
2026-06-26T14:11:47.599Z,https://www.instagram.com/dlas_serangofficial/,2762,44296,389
2026-06-27T02:39:14.335Z,https://www.instagram.com/dlas_serangofficial/,2762,44300,389
2026-06-27T13:30:40.488Z,https://www.instagram.com/dlas_serangofficial/,null,null,null
2026-06-28T03:03:14.524Z,https://www.instagram.com/dlas_serangofficial/,null,null,null
2026-06-28T13:24:52.572Z,https://www.instagram.com/dlas_serangofficial/,2768,44360,391
2026-06-29T02:54:10.885Z,https://www.instagram.com/dlas_serangofficial/,2768,44366,391
2026-06-29T15:36:45.156Z,https://www.instagram.com/dlas_serangofficial/,2769,44397,391
2026-06-30T02:57:36.954Z,https://www.instagram.com/dlas_serangofficial/,null,null,null
2026-06-30T14:06:47.653Z,https://www.instagram.com/dlas_serangofficial/,2775,44433,391
2026-07-01T02:53:43.341Z,https://www.instagram.com/dlas_serangofficial/,2775,44441,391
2026-07-01T14:22:28.764Z,https://www.instagram.com/dlas_serangofficial/,2776,44465,391
2026-07-02T02:53:08.830Z,https://www.instagram.com/dlas_serangofficial/,null,null,null
2026-07-02T13:46:29.712Z,https://www.instagram.com/dlas_serangofficial/,2780,44494,391
2026-07-03T02:35:36.270Z,https://www.instagram.com/dlas_serangofficial/,null,null,null
2026-07-03T13:50:45.568Z,https://www.instagram.com/dlas_serangofficial/,2787,44561,391
2026-07-04T02:33:51.521Z,https://www.instagram.com/dlas_serangofficial/,null,null,null
2026-07-04T13:20:28.031Z,https://www.instagram.com/dlas_serangofficial/,null,null,null
2026-07-05T02:33:37.269Z,https://www.instagram.com/dlas_serangofficial/,2796,44680,392
2026-07-05T13:28:56.336Z,https://www.instagram.com/dlas_serangofficial/,null,null,null
2026-07-06T02:47:47.581Z,https://www.instagram.com/dlas_serangofficial/,null,null,null
2026-07-06T15:19:42.437Z,https://www.instagram.com/dlas_serangofficial/,2804,44756,393
2026-07-07T02:34:03.948Z,https://www.instagram.com/dlas_serangofficial/,2805,44762,393
2026-07-07T14:17:21.556Z,https://www.instagram.com/dlas_serangofficial/,2807,44769,393
2026-07-08T02:17:16.667Z,https://www.instagram.com/dlas_serangofficial/,null,null,null
2026-07-08T13:59:03.978Z,https://www.instagram.com/dlas_serangofficial/,null,null,null
2026-07-09T02:35:51.647Z,https://www.instagram.com/dlas_serangofficial/,null,null,null
2026-07-09T14:53:36.731Z,https://www.instagram.com/dlas_serangofficial/,null,null,null
2026-07-10T02:27:43.069Z,https://www.instagram.com/dlas_serangofficial/,2817,44843,319
2026-07-10T14:08:53.019Z,https://www.instagram.com/dlas_serangofficial/,2820,44855,319
2026-07-11T02:15:03.011Z,https://www.instagram.com/dlas_serangofficial/,null,null,null
2026-07-11T13:15:05.909Z,https://www.instagram.com/dlas_serangofficial/,null,null,null
2026-07-12T02:09:05.137Z,https://www.instagram.com/dlas_serangofficial/,2824,44869,320
2026-07-12T13:05:56.688Z,https://www.instagram.com/dlas_serangofficial/,2827,44882,320
2026-07-13T02:20:21.674Z,https://www.instagram.com/dlas_serangofficial/,null,null,null
2026-07-13T14:19:57.764Z,https://www.instagram.com/dlas_serangofficial/,2828,44902,320
2026-07-14T01:56:18.801Z,https://www.instagram.com/dlas_serangofficial/,2829,44897,319
2026-07-14T13:20:13.200Z,https://www.instagram.com/dlas_serangofficial/,2831,44897,319
2026-07-15T01:53:14.852Z,https://www.instagram.com/dlas_serangofficial/,2831,44903,319
2026-07-15T13:23:47.889Z,https://www.instagram.com/dlas_serangofficial/,2832,44909,319
2026-07-16T02:13:10.988Z,https://www.instagram.com/dlas_serangofficial/,null,null,null
2026-07-16T13:29:33.844Z,https://www.instagram.com/dlas_serangofficial/,2835,44937,319
2026-07-17T02:16:23.965Z,https://www.instagram.com/dlas_serangofficial/,null,null,null
2026-07-17T13:24:52.118Z,https://www.instagram.com/dlas_serangofficial/,null,null,null
2026-07-18T01:56:09.890Z,https://www.instagram.com/dlas_serangofficial/,2838,45419,322
2026-07-18T13:02:00.673Z,https://www.instagram.com/dlas_serangofficial/,2842,45507,322
2026-07-19T02:16:30.317Z,https://www.instagram.com/dlas_serangofficial/,null,null,null
2026-07-19T13:03:44.758Z,https://www.instagram.com/dlas_serangofficial/,2849,45614,323
2026-07-20T02:36:57.133Z,https://www.instagram.com/dlas_serangofficial/,null,null,null
2026-07-20T13:54:09.509Z,https://www.instagram.com/dlas_serangofficial/,2853,45662,324
2026-07-21T02:06:09.326Z,https://www.instagram.com/dlas_serangofficial/,2853,45667,324
2026-07-21T13:25:18.423Z,https://www.instagram.com/dlas_serangofficial/,2858,45689,323
2026-07-22T02:13:51.643Z,https://www.instagram.com/dlas_serangofficial/,null,null,null
2026-07-22T13:29:31.795Z,https://www.instagram.com/dlas_serangofficial/,2862,45727,323
2026-07-23T02:11:14.309Z,https://www.instagram.com/dlas_serangofficial/,2863,45731,324
